{"cameraMode":{"drawMode":0,"name":"Shaded","section":"Shading Mode"},"sceneLighting":true,"audioPlay":false,"sceneViewState":{"showFog":true,"showMaterialUpdate":false,"showSkybox":true,"showFlares":true,"showImageEffects":true,"showParticleSystems":true},"in2DMode":false,"pivot":{"x":-0.15836286544799806,"y":3.7531321048736574,"z":-0.8787358999252319},"rotation":{"x":0.0585043840110302,"y":-0.5160017609596252,"z":0.03535258769989014,"w":0.8538557291030884},"size":7.184791564941406,"orthographic":false}