{"cameraMode":{"drawMode":0,"name":"Shaded","section":"Shading Mode"},"sceneLighting":true,"audioPlay":false,"sceneViewState":{"showFog":true,"showMaterialUpdate":false,"showSkybox":true,"showFlares":true,"showImageEffects":true,"showParticleSystems":true},"in2DMode":false,"pivot":{"x":0.15538859367370606,"y":3.8334975242614748,"z":-1.9087491035461426},"rotation":{"x":0.12810370326042176,"y":-0.6598647236824036,"z":0.11558642983436585,"w":0.7313055396080017},"size":7.123320579528809,"orthographic":false}